Назва,Бренд,Колір,Розмір,Ціна,Знижка,Полиця
Сукня,pull and bear,Чорний,XL,98.33680716187332,False,84
Футболка,gucci,Зелений,S,1299.4887449900089,False,37
Шорти,prada,Зелений,S,1365.5729532053742,False,54
Пальто,zara,Блакитний,S,63.25242644611157,False,62
Сорочка,mohito,Червоний,XL,77.8103547818437,False,101
Шорти,zara,Червоний,L,92.4155799673567,False,63
Футболка,house,Білий,XXL,56.98495523185176,True,91
Сорочка,nike,Чорний,M,137.63969551435434,False,2
Сорочка,mohito,Синій,XL,44.68564163874041,True,101
Шорти,zara,Рожевий,M,62.666383855281275,False,63
Пальто,nike,Жовтий,XS,191.83824301629468,False,8
Спідниця,puma,Синій,S,160.02420443006378,False,22
Футболка,mohito,Червоний,XXL,57.341480895506706,False,100
Шорти,bershka,Фіолетовий,XL,15.041443382302264,True,72
Шорти,gucci,Білий,XXL,346.9972974392268,True,45
Футболка,adidas,Блакитний,XL,169.1068700992406,False,10
Куртка,adidas,Рожевий,XL,152.40076605483347,False,16
Сорочка,puma,Фіолетовий,XS,72.17959475646812,True,20
Сукня,zara,Синій,S,16.227232986903495,True,57
Спідниця,pull and bear,Чорний,L,22.109972448204683,False,85
Пальто,adidas,Фіолетовий,S,119.71310353533029,False,17
Спідниця,zara,Рожевий,S,46.249307789360614,True,58
Сорочка,bershka,Блакитний,XS,94.12758447210062,False,65
Шорти,puma,Сірий,L,80.08206358275314,True,27
Брюки,house,Фіолетовий,L,66.5424531441167,True,96
Спідниця,adidas,Синій,XL,160.9628663951023,False,13
Сукня,bershka,Чорний,XS,46.98483480426316,False,66
Топ,mohito,Блакитний,XL,83.14343681804691,True,104
Сукня,puma,Коричневий,XXL,161.80530495372574,False,21
Футболка,balenciaga,Зелений,XS,937.9209461242174,False,28
Сорочка,gucci,Рожевий,L,784.0359027226916,True,38
Топ,mohito,Фіолетовий,XL,87.53812955556903,False,104
Куртка,mango,Жовтий,XL,61.90061160820865,False,79
Спідниця,puma,Чорний,XL,182.26584183609927,False,22
Шорти,adidas,Фіолетовий,XXL,198.5321385349486,False,18
Куртка,prada,Сірий,L,1391.3207364216194,True,52
Пальто,prada,Чорний,S,1423.8449175847218,False,53
Футболка,puma,Синій,XS,197.45760406865725,False,19
Сорочка,balenciaga,Жовтий,M,878.0838951582764,False,29
Сорочка,nike,Синій,M,72.51092100365992,True,2
Брюки,mango,Чорний,XS,28.43855691379418,False,78
Спідниця,prada,Білий,L,1353.7053907499221,False,49
Куртка,balenciaga,Рожевий,L,856.3094566190942,False,34
Топ,mango,Чорний,L,94.20058840362316,True,77
Сорочка,pull and bear,Сірий,XL,19.87654510054744,True,83
Куртка,mohito,Білий,XL,24.218645536799375,True,106
Сукня,house,Рожевий,L,44.076813976806804,False,93
Куртка,balenciaga,Синій,S,1498.8805564087743,False,34
Спідниця,mango,Рожевий,XL,76.01365221945856,False,76
Куртка,gucci,Зелений,L,1024.4696671431104,False,43
Спідниця,adidas,Червоний,S,100.01003310857047,True,13
Топ,prada,Коричневий,XL,602.4627871823823,True,50
Шорти,mango,Блакитний,XXL,60.92431630159066,False,81
Пальто,gucci,Блакитний,XS,396.875620211444,False,44
Куртка,balenciaga,Чорний,M,566.2775467106248,True,34
Шорти,gucci,Жовтий,S,975.0160340532271,False,45
Сукня,house,Білий,XXL,81.56127710619732,False,93
Брюки,adidas,Блакитний,XL,134.28663546488292,True,15
Пальто,pull and bear,Синій,XXL,36.89284005167569,True,89
Брюки,house,Блакитний,XL,15.011853290200303,True,96
Пальто,balenciaga,Коричневий,XXL,817.298193612126,False,35
Куртка,pull and bear,Зелений,M,69.35814437711359,False,88
Куртка,mohito,Жовтий,L,90.96269298981282,True,106
Пальто,bershka,Синій,L,24.504575514758503,False,71
Брюки,mango,Коричневий,XS,20.211710659986576,False,78
Спідниця,pull and bear,Коричневий,L,32.393412841387764,False,85
Спідниця,house,Блакитний,XS,59.16254811623106,False,94
Шорти,balenciaga,Синій,M,566.0798443791252,True,36
Шорти,zara,Фіолетовий,XL,81.6648809859712,False,63
Футболка,balenciaga,Чорний,XS,1170.3639599185317,True,28
Куртка,prada,Жовтий,XXL,842.7384308290203,True,52
Спідниця,mango,Білий,L,16.996795800741783,True,76
Сукня,house,Чорний,S,37.3576158610839,True,93
Сукня,puma,Рожевий,XXL,84.35613224392375,True,21
Шорти,puma,Сірий,L,51.72778042398091,False,27
Пальто,prada,Коричневий,XXL,1093.4562483791465,True,53
Сукня,bershka,Білий,M,31.071716566628986,True,66
Топ,zara,Синій,M,16.208714893580037,True,59
Спідниця,prada,Червоний,S,862.1893682530567,True,49
Спідниця,mango,Білий,XS,82.51045759710367,False,76
Пальто,puma,Коричневий,XXL,182.42397124395865,True,26
Спідниця,mohito,Блакитний,M,57.1250055553381,False,103
Пальто,bershka,Блакитний,XL,50.00851050563012,False,71
Сукня,gucci,Червоний,S,394.8039874025814,False,39
Футболка,mango,Рожевий,S,52.94977397517558,True,73
Пальто,adidas,Рожевий,M,70.15430835451821,True,17
Футболка,bershka,Блакитний,S,71.79098833447436,True,64
Сорочка,house,Блакитний,M,97.78113953683388,False,92
Топ,pull and bear,Коричневий,S,60.60087688195249,False,86
Футболка,house,Синій,XS,99.88493682535469,True,91
Пальто,balenciaga,Коричневий,XXL,1348.0265787304352,True,35
Топ,puma,Рожевий,XXL,158.91894597154277,True,23
Футболка,puma,Чорний,XXL,67.93879105303287,False,19
Топ,mango,Зелений,XXL,80.8553956841529,True,77
Пальто,zara,Коричневий,M,56.54177108874193,False,62
Пальто,bershka,Чорний,M,29.62272218951824,False,71
Футболка,nike,Синій,M,123.15753200547748,False,1
Куртка,zara,Червоний,XL,35.33013051710023,False,61
Пальто,bershka,Рожевий,XL,69.03205582391577,False,71
Сукня,puma,Рожевий,M,190.8135962881276,True,21
Брюки,zara,Білий,XL,50.575020758088556,True,60
Сукня,nike,Жовтий,L,168.93886435800914,False,3
Куртка,nike,Фіолетовий,XS,130.4819195963479,False,7
Пальто,balenciaga,Чорний,XL,610.5796104072297,False,35
Брюки,balenciaga,Блакитний,XL,408.41757738772833,True,33
Пальто,mohito,Білий,XL,65.26740546465734,False,107
Спідниця,puma,Жовтий,XXL,125.47507193392333,False,22
Куртка,zara,Рожевий,M,87.00112055830554,False,61
Сорочка,pull and bear,Рожевий,M,71.89065017763758,True,83
Пальто,mango,Чорний,XS,96.72806211106382,False,80
Брюки,puma,Коричневий,S,197.03786278133072,False,24
Спідниця,mango,Сірий,S,98.58714641149244,True,76
Пальто,mango,Блакитний,XL,30.283825125194525,False,80
Сукня,puma,Коричневий,S,51.76086129105618,False,21
Шорти,mango,Блакитний,L,27.988390794403276,True,81
Спідниця,mohito,Фіолетовий,S,92.46039741196904,True,103
Сукня,zara,Жовтий,L,49.87704100735297,True,57
Брюки,house,Фіолетовий,XXL,73.10342313080369,False,96
Пальто,mohito,Жовтий,XXL,47.75218582316903,False,107
Топ,house,Зелений,M,26.231233480103388,False,95
Шорти,balenciaga,Білий,M,1318.596554183689,False,36
Шорти,prada,Блакитний,S,1149.5958961908836,True,54
Пальто,nike,Зелений,L,158.16089212179963,True,8
Сукня,balenciaga,Зелений,M,630.5499443546182,False,30
Сукня,balenciaga,Синій,M,565.9184904028803,False,30
Брюки,mohito,Зелений,M,42.707169637126015,True,105
Пальто,gucci,Синій,S,1107.34807814632,False,44
Спідниця,gucci,Фіолетовий,S,522.2287956207499,False,40
Спідниця,gucci,Сірий,M,377.77228765621754,True,40
Брюки,mohito,Блакитний,M,11.442030439638474,False,105
Сорочка,puma,Сірий,XXL,150.8010374724401,True,20
Брюки,nike,Коричневий,M,154.4996767215357,True,6
Футболка,adidas,Рожевий,XL,86.51937313991338,True,10
Футболка,mango,Червоний,L,91.51478368662684,False,73
Спідниця,mango,Блакитний,S,75.70688062180514,True,76
Брюки,gucci,Синій,L,718.4624172002068,True,42
Футболка,zara,Червоний,XXL,75.03876526182026,True,55
Спідниця,pull and bear,Сірий,S,37.313180042113096,False,85
Пальто,prada,Рожевий,XL,541.6514039246324,True,53
Пальто,pull and bear,Рожевий,XL,94.33581105938052,False,89
Спідниця,zara,Фіолетовий,L,81.21578107037946,True,58
Топ,balenciaga,Сірий,L,1383.6219570451256,True,32
Спідниця,balenciaga,Фіолетовий,XL,873.5288203968103,False,31
Топ,nike,Чорний,XS,105.9361054872328,True,5
Спідниця,zara,Сірий,L,71.7221952194999,False,58
Куртка,pull and bear,Червоний,L,77.5894689265985,False,88
Топ,prada,Коричневий,L,851.9518918583918,False,50
Шорти,gucci,Синій,XS,1486.7946000798595,True,45
Брюки,gucci,Фіолетовий,XL,977.8008681591751,True,42
Брюки,gucci,Рожевий,XS,340.0270530992261,True,42
Футболка,prada,Жовтий,XS,997.1920099725145,True,46
Пальто,puma,Фіолетовий,M,191.34630941083944,True,26
Топ,mango,Зелений,L,81.77056064881056,True,77
Топ,zara,Фіолетовий,S,92.55760940123407,False,59
Топ,pull and bear,Сірий,XL,48.970763161234274,True,86
Сорочка,adidas,Зелений,XXL,96.05439716894679,False,11
Сорочка,mohito,Фіолетовий,XXL,98.79146761540702,False,101
Пальто,prada,Чорний,S,1162.2516591325252,True,53
Сукня,pull and bear,Зелений,XL,88.35113247039772,True,84
Пальто,balenciaga,Білий,S,734.5228695163396,True,35
Футболка,bershka,Зелений,L,35.340730411115715,False,64
Топ,pull and bear,Сірий,S,96.75437464723605,False,86
Сорочка,mohito,Сірий,L,30.974576783438255,True,101
Сорочка,mango,Чорний,XXL,12.438973485309788,False,74
Шорти,balenciaga,Чорний,XXL,1422.009661106732,False,36
Сукня,balenciaga,Червоний,XL,609.1990269820182,True,30
Сорочка,nike,Білий,XL,191.89145896621048,True,2
Топ,puma,Коричневий,M,194.47653649028945,True,23
Сорочка,bershka,Жовтий,L,73.22268933425875,True,65
Пальто,house,Жовтий,S,66.97271835385409,True,98
Брюки,zara,Зелений,L,29.002526146334038,True,60
Пальто,bershka,Білий,XL,20.26031223493095,False,71
Шорти,pull and bear,Рожевий,S,56.233643049146615,True,90
Топ,mohito,Блакитний,M,78.6635242872777,True,104
Спідниця,pull and bear,Червоний,L,10.972861306233447,True,85
Куртка,gucci,Рожевий,M,485.42671718811835,False,43
Сорочка,zara,Блакитний,M,28.474480049809348,False,56
Топ,puma,Білий,M,127.36731149857684,False,23
Куртка,mohito,Зелений,XL,94.7842944638294,True,106
Топ,balenciaga,Білий,L,939.4927876403252,False,32
Спідниця,mango,Чорний,L,95.81760179927257,False,76
Спідниця,bershka,Коричневий,XS,66.00271324803646,False,67
Куртка,adidas,Чорний,L,74.78106145541528,True,16
Сорочка,balenciaga,Зелений,XL,1321.4084174454806,True,29
Пальто,prada,Блакитний,XL,940.491593561807,True,53
Футболка,prada,Фіолетовий,L,729.9373093895989,True,46
Футболка,prada,Зелений,M,825.1187823789229,True,46
Брюки,zara,Блакитний,M,52.79029613734259,False,60
Топ,mango,Блакитний,M,45.18181685382772,True,77
Сорочка,nike,Коричневий,S,122.37984399229708,True,2
Спідниця,adidas,Коричневий,L,50.16485261465316,True,13
Брюки,adidas,Червоний,XXL,69.75187078417152,False,15
Спідниця,house,Фіолетовий,XL,91.88318947902157,True,94
Сукня,zara,Червоний,L,22.400832304017065,True,57
Сорочка,mohito,Жовтий,L,22.983932355661988,False,101
Футболка,adidas,Білий,XS,109.1300886519276,True,10
Спідниця,zara,Червоний,L,76.17021537380735,True,58
Топ,house,Коричневий,XS,73.10528882251104,True,95
Куртка,mango,Білий,L,74.05628561861238,True,79
Брюки,bershka,Білий,XS,51.07557827656536,False,69
Сорочка,pull and bear,Сірий,L,70.36439729022118,True,83
Топ,gucci,Рожевий,L,986.641081349914,True,41
Брюки,mohito,Зелений,XL,18.622466221318703,False,105
Шорти,nike,Рожевий,XXL,151.68332743427354,True,9
Куртка,mohito,Червоний,XL,20.33070468418942,False,106
Пальто,bershka,Чорний,S,98.65802630324835,True,71
Шорти,zara,Фіолетовий,XXL,38.74498462899095,True,63
Пальто,zara,Зелений,XXL,56.04185225152554,True,62
Сукня,pull and bear,Жовтий,XS,20.934326024725216,True,84
Пальто,balenciaga,Сірий,XS,565.317673042262,True,35
Спідниця,pull and bear,Синій,XL,71.38409430112543,True,85
Пальто,mohito,Білий,XS,36.83174963633509,False,107
Шорти,prada,Рожевий,XS,989.3223658986437,False,54
Футболка,gucci,Червоний,M,574.110560627266,True,37
Футболка,gucci,Чорний,XXL,1372.2262019190287,True,37
Куртка,puma,Синій,L,113.97773271012043,True,25
Топ,adidas,Червоний,XL,125.07439848160026,True,14
Шорти,puma,Жовтий,L,75.55001486910065,True,27
Спідниця,prada,Зелений,XXL,1371.4553723409547,False,49
Брюки,nike,Білий,XXL,96.75553702251466,False,6
Брюки,prada,Червоний,M,429.4128254708828,True,51
Топ,gucci,Коричневий,S,1135.9261300206526,True,41
Куртка,mango,Білий,XXL,34.75846302615581,True,79
Пальто,bershka,Білий,S,72.79590002752921,False,71
Сукня,bershka,Червоний,XS,44.28180116469064,False,66
Шорти,gucci,Рожевий,XXL,732.8443387832272,True,45
Сукня,pull and bear,Білий,L,98.86136822701084,True,84
Спідниця,prada,Коричневий,M,826.0747763745687,False,49
Сукня,pull and bear,Білий,XL,14.495676483118563,True,84
Футболка,prada,Зелений,L,925.5664298887302,True,46
Футболка,bershka,Фіолетовий,L,24.629946316163196,False,64
Пальто,mohito,Чорний,M,63.74177451014289,True,107
Футболка,zara,Фіолетовий,XS,60.97881418412656,True,55
Пальто,mohito,Жовтий,XS,72.11414988264175,False,107
Шорти,bershka,Сірий,XXL,30.203963593508306,False,72
Сорочка,nike,Зелений,M,101.89330057494445,True,2
Футболка,mohito,Фіолетовий,XS,70.49716487072826,True,100
Шорти,puma,Зелений,L,114.83233817323595,True,27
Сукня,gucci,Червоний,L,691.8946512917091,True,39
Куртка,balenciaga,Білий,L,934.4552828555309,True,34
Сукня,puma,Чорний,M,90.63382620746569,True,21
Пальто,pull and bear,Рожевий,XL,49.953978198349,True,89
Футболка,mohito,Сірий,XL,74.07300519299251,False,100
Брюки,zara,Білий,M,46.88514599567828,True,60
Сукня,bershka,Червоний,S,70.0585894186463,True,66
Куртка,bershka,Жовтий,XS,54.94152235987693,True,70
Шорти,pull and bear,Синій,XXL,14.072367748302478,False,90
Пальто,house,Сірий,XS,68.61760192774575,False,98
Сукня,puma,Фіолетовий,S,57.917967644122385,True,21
Топ,balenciaga,Сірий,XXL,1484.7835846792873,True,32
Брюки,house,Синій,XL,27.908642563834505,True,96
Сорочка,mohito,Червоний,XL,10.685460383063283,True,101
Сорочка,nike,Білий,XL,188.82529272734197,False,2
Пальто,mohito,Чорний,L,38.91712052507333,False,107
Топ,zara,Білий,M,71.83389777269713,False,59
Спідниця,zara,Коричневий,XXL,88.62825140158756,True,58
Футболка,puma,Блакитний,S,101.90853077637107,True,19
Спідниця,bershka,Червоний,L,40.758993235671966,False,67
Пальто,prada,Рожевий,XS,669.752860366664,True,53
Шорти,nike,Рожевий,XL,124.84032372749265,False,9
Сорочка,pull and bear,Блакитний,S,11.700998229765844,True,83
Топ,prada,Сірий,XXL,720.9148883387843,False,50
Спідниця,gucci,Жовтий,S,960.9143940823861,True,40
Шорти,zara,Коричневий,XXL,46.52450580095664,False,63
Футболка,nike,Рожевий,S,165.51776109125484,True,1
Топ,adidas,Блакитний,S,107.95827837741149,False,14
Футболка,bershka,Блакитний,XL,57.58883409135967,True,64
Топ,pull and bear,Жовтий,XXL,10.028705264681308,False,86
Топ,mango,Сірий,L,48.40465131871833,False,77
Сукня,nike,Синій,XXL,132.29124576455837,False,3
Топ,pull and bear,Білий,M,73.27258464489466,True,86
Брюки,balenciaga,Жовтий,XS,1331.93258244198,True,33
Футболка,balenciaga,Сірий,XL,1244.083256695408,True,28
Пальто,mango,Блакитний,L,86.67793473841813,False,80
Спідниця,mohito,Синій,S,75.90725851049638,True,103
Шорти,balenciaga,Зелений,XXL,333.34143439813846,False,36
Спідниця,puma,Жовтий,XL,98.95359540384023,False,22
Пальто,adidas,Білий,M,109.0569731525259,False,17
Брюки,adidas,Білий,XL,132.18692688089618,True,15
Куртка,adidas,Жовтий,M,176.02271951132104,True,16
Футболка,puma,Сірий,XXL,80.18867682779229,True,19
Футболка,nike,Червоний,XXL,68.0950914732694,False,1
Пальто,gucci,Коричневий,S,535.6305688275253,False,44
Брюки,mohito,Синій,XL,12.777120443821204,False,105
Пальто,nike,Блакитний,XXL,56.765074163846165,True,8
Шорти,balenciaga,Білий,XXL,1244.4864370009536,False,36
Сорочка,mohito,Фіолетовий,XXL,78.92752806292368,True,101
Спідниця,nike,Білий,XL,65.2773165716319,False,4
Куртка,gucci,Фіолетовий,S,598.0085596553524,False,43
Пальто,prada,Фіолетовий,L,592.4531796472313,False,53
Футболка,bershka,Жовтий,S,18.865448560939413,True,64
Брюки,bershka,Червоний,XS,36.25079263451241,False,69
Футболка,pull and bear,Чорний,XXL,32.44871770549961,True,82
Сукня,balenciaga,Синій,S,500.3482841245501,True,30
Брюки,gucci,Фіолетовий,M,539.8702938268342,False,42
Куртка,mohito,Червоний,XS,82.40086211906907,False,106
Сукня,mohito,Червоний,XXL,49.44341092906796,False,102
Топ,zara,Блакитний,XL,12.066457168723293,True,59
Футболка,balenciaga,Червоний,XXL,812.0489448483089,False,28
Куртка,gucci,Жовтий,L,1096.7650645385888,False,43
Пальто,puma,Червоний,S,169.28580116112607,True,26
Спідниця,zara,Коричневий,XL,87.26052399501245,False,58
Сукня,nike,Рожевий,M,53.879205978892244,False,3
Топ,mango,Сірий,XS,91.05593955571615,True,77
Куртка,bershka,Фіолетовий,L,39.91393782075145,False,70
Брюки,house,Коричневий,XXL,61.495035173513614,False,96
Сукня,pull and bear,Фіолетовий,M,96.70442518422628,True,84
Сукня,prada,Синій,XL,742.7520814889599,False,48
Спідниця,gucci,Фіолетовий,S,1235.5517395926863,False,40
Брюки,balenciaga,Білий,XS,1194.1214374034905,True,33
Шорти,mango,Синій,XL,81.2742207950347,False,81
Спідниця,zara,Сірий,S,98.2005225221134,False,58
Топ,adidas,Сірий,XXL,54.190379459543294,True,14
Спідниця,house,Коричневий,L,46.1213965623142,True,94
Сорочка,house,Рожевий,XL,82.31630065015679,True,92
Пальто,house,Зелений,L,27.69438427958702,True,98
Брюки,mohito,Синій,XXL,32.38541840142307,True,105
Пальто,bershka,Сірий,XL,16.31376818906869,True,71
Шорти,balenciaga,Фіолетовий,XL,871.2259534036738,False,36
Спідниця,nike,Жовтий,XL,195.58790744314962,True,4
Шорти,pull and bear,Фіолетовий,S,15.47348987207314,False,90
Куртка,mango,Червоний,M,58.99413574101946,True,79
Пальто,adidas,Синій,M,167.63860355754488,False,17
Сорочка,zara,Червоний,XXL,69.17020258700258,True,56
Куртка,prada,Червоний,L,1373.4119182178931,False,52
Спідниця,mango,Коричневий,L,26.953558916437444,False,76
Спідниця,balenciaga,Зелений,XXL,464.1795132527776,False,31
Шорти,nike,Сірий,L,96.7629544949121,False,9
Футболка,puma,Сірий,XXL,143.76976092899667,False,19
Топ,prada,Жовтий,XL,815.7594526075201,True,50
Топ,balenciaga,Жовтий,XL,1300.7193741027077,True,32
Шорти,adidas,Білий,XL,172.21544505075303,False,18
Сорочка,zara,Чорний,XL,12.15242500872802,False,56
Спідниця,adidas,Фіолетовий,M,50.516863485364944,False,13
Футболка,gucci,Зелений,L,390.9571813418604,False,37
Сорочка,house,Рожевий,S,54.8315897116316,False,92
Пальто,zara,Сірий,XXL,23.50419256525494,False,62
Пальто,balenciaga,Коричневий,XL,934.6847489760193,True,35
Топ,puma,Рожевий,XS,50.62340730339778,False,23
Куртка,puma,Фіолетовий,M,100.61072056327517,False,25
Шорти,adidas,Фіолетовий,S,139.4340718499834,False,18
Футболка,adidas,Синій,XS,116.43246142489535,False,10
Сукня,bershka,Зелений,XL,95.8862754294836,False,66
Сукня,mohito,Сірий,L,48.69492366965792,False,102
Сорочка,mohito,Рожевий,XL,72.20896375054005,True,101
Спідниця,nike,Коричневий,XXL,151.09398177092686,False,4
Куртка,mohito,Білий,XL,87.95107075238627,False,106
Спідниця,mohito,Чорний,M,23.08084610741306,False,103
Куртка,mango,Білий,S,50.71908857982291,True,79
Пальто,prada,Білий,L,1267.1758622184213,True,53
Пальто,house,Зелений,XL,48.252894299297054,True,98
Брюки,bershka,Рожевий,XL,38.66701733315439,False,69
Спідниця,nike,Синій,S,115.25169595468125,False,4
Сорочка,adidas,Рожевий,XS,98.95895374318222,False,11
Топ,adidas,Фіолетовий,XS,129.86993416464378,False,14
Спідниця,mohito,Фіолетовий,XXL,94.35070709377365,True,103
Сорочка,bershka,Сірий,XXL,99.64576964745793,False,65
Куртка,mohito,Чорний,L,57.489725488360364,False,106
Футболка,house,Сірий,S,14.649829896733845,False,91
Куртка,adidas,Фіолетовий,XS,136.6783936316578,False,16
Спідниця,house,Коричневий,XS,61.72864495109903,True,94
Спідниця,gucci,Зелений,M,342.16601078948,False,40
Шорти,pull and bear,Рожевий,M,69.08826072779638,True,90
Спідниця,mango,Синій,XL,98.70771038841751,True,76
Пальто,prada,Сірий,M,1382.212318049703,False,53
Сукня,bershka,Чорний,XL,51.962208439717834,False,66
Брюки,adidas,Фіолетовий,XL,77.41706083797476,False,15
Брюки,nike,Сірий,S,132.64228146032474,False,6
Топ,mohito,Блакитний,XS,72.07074930928162,False,104
Пальто,mohito,Червоний,L,37.86668153292538,True,107
Сукня,prada,Фіолетовий,S,1240.5008054411746,False,48
Куртка,adidas,Коричневий,L,171.04512677541734,False,16
Куртка,adidas,Чорний,M,56.388637423317725,True,16
Спідниця,nike,Чорний,S,110.97891566540827,False,4
Сорочка,puma,Червоний,L,83.43012698648329,True,20
Спідниця,zara,Фіолетовий,XXL,30.77303211133141,True,58
Сорочка,mango,Зелений,XS,66.24856262832222,False,74
Сукня,nike,Червоний,XL,87.41514902929663,False,3
Шорти,nike,Блакитний,XL,173.2961121425427,True,9
Топ,house,Жовтий,XL,85.7507077998011,True,95
Топ,adidas,Червоний,L,158.2469214109139,False,14
Шорти,pull and bear,Зелений,M,62.74052433538333,False,90
Сукня,zara,Червоний,S,50.42608973696836,False,57
Куртка,zara,Рожевий,XXL,11.599343741391504,False,61
Куртка,bershka,Коричневий,XL,29.52194813115115,True,70
Спідниця,gucci,Коричневий,XL,779.2857155005873,False,40
Куртка,gucci,Жовтий,M,1247.0731351006445,False,43
Спідниця,house,Синій,M,44.125757756786896,False,94
Пальто,house,Коричневий,XS,99.45574061974757,False,98
Шорти,pull and bear,Зелений,XS,38.09023397350372,False,90
Футболка,balenciaga,Червоний,M,1391.3137802291587,False,28
Спідниця,nike,Зелений,L,105.47471713386003,False,4
Брюки,zara,Фіолетовий,S,50.45867460828169,False,60
Сукня,house,Фіолетовий,XXL,16.947921791765996,False,93
Спідниця,mango,Червоний,XXL,60.15730558995126,True,76
Шорти,zara,Зелений,M,31.82814246530162,True,63
Брюки,gucci,Коричневий,L,1093.1052316128007,True,42
Спідниця,house,Фіолетовий,L,13.967703171553683,True,94
Сорочка,puma,Сірий,M,95.20666579536487,False,20
Сукня,mohito,Червоний,XXL,70.02361122098188,False,102
Куртка,mohito,Фіолетовий,XXL,24.117286264863793,False,106
Шорти,balenciaga,Чорний,XL,1171.8582648005872,True,36
Шорти,nike,Фіолетовий,M,87.63533625201369,True,9
Футболка,mango,Зелений,XL,15.959938329151349,True,73
Футболка,pull and bear,Сірий,XXL,32.45826451867839,False,82
Сукня,bershka,Блакитний,M,92.92235955268174,False,66
Сукня,mango,Сірий,M,53.04070334959088,False,75
Спідниця,bershka,Білий,XS,87.15970413894814,True,67
Брюки,adidas,Зелений,L,120.8420544441241,True,15
Футболка,pull and bear,Зелений,M,28.740175293220148,False,82
Куртка,nike,Червоний,XL,99.41069665394761,False,7
Спідниця,nike,Зелений,S,76.3507241969328,False,4
Сорочка,bershka,Зелений,L,91.93445610989455,True,65
Куртка,nike,Червоний,XXL,58.38559958037381,True,7
Шорти,bershka,Білий,L,83.68926681459342,True,72
Пальто,adidas,Чорний,L,157.41561257314197,True,17
Куртка,prada,Сірий,S,422.2871307851314,True,52
Топ,nike,Білий,S,85.55511773596564,True,5
Пальто,house,Коричневий,L,74.14938745290648,False,98
Брюки,bershka,Зелений,L,81.71358090215797,True,69
Пальто,bershka,Жовтий,XL,31.477093624717682,True,71
Брюки,gucci,Червоний,S,1363.5147659583108,False,42
Топ,zara,Чорний,XXL,49.2403826104686,False,59
Футболка,mango,Блакитний,XXL,91.32187057509742,True,73
Сорочка,balenciaga,Синій,XXL,1265.429663493592,False,29
Топ,mohito,Коричневий,XS,88.6634821957746,False,104
Брюки,mohito,Фіолетовий,M,22.467311201595532,True,105
Сукня,pull and bear,Коричневий,S,24.37141872750472,False,84
Спідниця,nike,Фіолетовий,XS,165.87749960202325,False,4
Куртка,mango,Блакитний,XXL,57.2191437920331,True,79
Сорочка,gucci,Рожевий,L,455.2506590041202,True,38
Брюки,house,Рожевий,XXL,77.5671326068953,True,96
Топ,puma,Фіолетовий,XL,183.06320176663343,False,23
Куртка,zara,Рожевий,XXL,19.573439382789026,True,61
Спідниця,prada,Жовтий,M,576.8088186504716,True,49
Сорочка,mango,Зелений,XXL,21.297301872795188,False,74
Пальто,puma,Чорний,XS,98.18026899243964,False,26
Куртка,house,Блакитний,L,58.44203382821561,True,97
Сорочка,mohito,Чорний,XS,55.413349522116015,False,101
Куртка,mango,Чорний,S,99.50935174873491,False,79
Куртка,pull and bear,Червоний,XXL,92.02973959653343,False,88
Футболка,bershka,Білий,L,18.05360907172851,True,64
Спідниця,balenciaga,Сірий,S,574.4008419832658,False,31
Спідниця,prada,Чорний,XL,758.528012985382,False,49
Сукня,bershka,Коричневий,XXL,98.01594314034209,True,66
Шорти,zara,Блакитний,XXL,48.61590277535588,True,63
Шорти,house,Червоний,XL,90.57257539703578,False,99
Сукня,mohito,Блакитний,M,41.38614063604872,True,102
Сорочка,bershka,Білий,S,40.905359934333156,True,65
Куртка,house,Білий,XXL,51.92319135381668,True,97
Пальто,puma,Рожевий,M,92.26390869041965,True,26
Брюки,mango,Чорний,L,44.32625785237961,True,78
Куртка,house,Коричневий,XXL,42.668188601193165,False,97
Куртка,nike,Коричневий,XL,110.04780906963175,False,7
Пальто,prada,Сірий,L,1213.7751682290325,False,53
Сукня,pull and bear,Блакитний,L,36.432987639229864,False,84
Топ,gucci,Жовтий,XXL,1328.1723819562521,True,41
Сукня,gucci,Коричневий,M,701.1023019682037,False,39
Сукня,zara,Синій,XS,90.50780398878332,False,57
Сукня,adidas,Рожевий,S,71.20877689673756,True,12
Куртка,house,Коричневий,XS,32.187721601858215,False,97
Сукня,house,Білий,M,81.21957572539853,True,93
Пальто,mango,Чорний,XL,51.23555360410775,False,80
Брюки,nike,Жовтий,L,107.87656729341961,True,6
Футболка,nike,Жовтий,XL,133.1249657952024,False,1
Сукня,prada,Коричневий,S,1422.3785725078465,True,48
Куртка,bershka,Сірий,XL,22.271203731399147,True,70
Спідниця,mango,Синій,XS,10.0499703017592,False,76
Пальто,prada,Синій,M,942.9558199038278,True,53
Шорти,pull and bear,Рожевий,XS,83.70171968107594,False,90
Футболка,prada,Синій,L,832.7041964100106,True,46
Спідниця,gucci,Синій,XXL,1066.6583651178692,False,40
Брюки,prada,Рожевий,L,1061.8304574656268,True,51
Топ,bershka,Рожевий,XL,58.6364875075606,True,68
Куртка,gucci,Чорний,L,1192.4585042992003,False,43
Куртка,pull and bear,Жовтий,XXL,26.59425040482818,True,88
Спідниця,adidas,Червоний,XL,102.77169366978407,False,13
Шорти,prada,Чорний,XL,1344.5424292726348,True,54
Пальто,nike,Чорний,XS,91.29530978852938,False,8
Футболка,house,Фіолетовий,L,37.59856435673353,False,91
Спідниця,prada,Червоний,L,1274.3026743618705,True,49
Сорочка,nike,Блакитний,XS,148.69768844075037,True,2
Сукня,mango,Рожевий,M,70.22226769932021,True,75
Сукня,prada,Блакитний,XXL,1465.0721623639229,False,48
Футболка,bershka,Блакитний,M,75.96361009194844,True,64
Пальто,adidas,Жовтий,XXL,85.47147900613203,True,17
Пальто,house,Червоний,S,46.53036338728495,False,98
Футболка,mohito,Синій,XS,10.750452266426016,False,100
Спідниця,balenciaga,Білий,XXL,911.8317058329916,False,31
Топ,balenciaga,Сірий,XXL,1241.2396542589413,True,32
Спідниця,pull and bear,Синій,XL,70.17754404775401,False,85
Сорочка,bershka,Жовтий,XS,70.59192910192533,True,65
Топ,zara,Червоний,L,17.078668296459277,True,59
Куртка,prada,Синій,M,741.1049270520211,True,52
Куртка,bershka,Зелений,M,80.38235238462545,True,70
Топ,prada,Чорний,L,1034.260495471315,True,50
Футболка,bershka,Сірий,XL,96.04247436815587,False,64
Пальто,adidas,Синій,XL,86.30625483579223,True,17
Спідниця,gucci,Рожевий,XXL,1255.3802060843987,True,40
Спідниця,gucci,Червоний,XXL,1242.1073876203761,True,40
Сорочка,adidas,Фіолетовий,XS,157.27836018118632,False,11
Топ,bershka,Чорний,M,91.14060500548801,False,68
Топ,puma,Червоний,XS,70.16570754776112,True,23
Брюки,house,Коричневий,M,30.92992085668124,True,96
Спідниця,nike,Чорний,L,193.8265579447748,True,4
Сукня,prada,Білий,XL,1246.8085710510104,False,48
Сорочка,puma,Зелений,S,61.702768522636134,False,20
Шорти,pull and bear,Зелений,XL,12.905937886907115,False,90
Сорочка,pull and bear,Червоний,XL,20.453704469596172,False,83
Сукня,prada,Коричневий,XS,905.7690436735778,True,48
Шорти,house,Коричневий,XS,29.818799194561556,False,99
Топ,mohito,Синій,S,32.297427067005756,True,104
Пальто,bershka,Синій,M,82.67443035055418,False,71
Сорочка,mohito,Зелений,S,75.18242803747415,True,101
Спідниця,bershka,Білий,M,14.755364343442482,True,67
Пальто,puma,Чорний,XS,184.69281940731437,True,26
Топ,mohito,Фіолетовий,XXL,21.741370310289504,False,104
Футболка,house,Синій,M,12.378387417303239,False,91
Спідниця,bershka,Рожевий,S,12.820498420810024,True,67
Брюки,zara,Жовтий,XXL,93.17088975002346,False,60
Брюки,balenciaga,Сірий,S,417.235435453054,False,33
Футболка,prada,Зелений,XL,1388.9390217242085,False,46
Спідниця,nike,Синій,XXL,132.95748441785764,True,4
Спідниця,adidas,Блакитний,XL,66.26178888114617,True,13
Шорти,zara,Зелений,XS,94.05576563959656,False,63
Футболка,prada,Чорний,M,913.1096254730475,False,46
Сукня,gucci,Чорний,S,1025.3106173239985,False,39
Топ,mango,Жовтий,XS,79.19221004541333,False,77
Сукня,gucci,Жовтий,XL,1380.5110120446325,True,39
Пальто,puma,Рожевий,L,116.81448700893547,True,26
Шорти,adidas,Рожевий,S,101.18451339691293,True,18
Брюки,balenciaga,Зелений,XXL,497.69007818054604,False,33
Брюки,mango,Фіолетовий,XL,27.50123675719718,True,78
Сукня,adidas,Сірий,XXL,105.53919609791106,False,12
Топ,adidas,Зелений,L,174.9415775291697,False,14
Пальто,balenciaga,Фіолетовий,XL,306.0067339485528,False,35
Топ,zara,Блакитний,S,65.6394513255405,False,59
Сукня,zara,Чорний,L,16.774760268644343,False,57
Спідниця,pull and bear,Синій,XXL,26.301331974977593,False,85
Сорочка,adidas,Жовтий,M,57.774231301890126,False,11
Спідниця,pull and bear,Червоний,XS,60.61264703761234,True,85
Сукня,puma,Рожевий,XXL,131.71678620563722,True,21
Сукня,adidas,Синій,XXL,127.51244437658805,False,12
Топ,nike,Зелений,XS,66.71281773333673,True,5
Сорочка,mango,Фіолетовий,XS,93.05998625327513,False,74
Сукня,bershka,Блакитний,XXL,92.6690502802353,True,66
Куртка,gucci,Червоний,XS,835.0577734574614,True,43
Футболка,mango,Зелений,XL,51.65990584313852,False,73
Сорочка,mango,Сірий,XL,75.81795452349024,True,74
Сорочка,zara,Білий,M,61.006941032003816,True,56
Футболка,bershka,Білий,XXL,54.105393761661496,True,64
Шорти,balenciaga,Зелений,XS,945.0891373504664,False,36
Сукня,mango,Коричневий,L,49.5608777203219,True,75
Куртка,zara,Рожевий,L,89.45351726925679,True,61
Футболка,mohito,Синій,S,57.53572606806238,False,100
Куртка,puma,Блакитний,XL,60.70718575100561,False,25
Куртка,mohito,Фіолетовий,M,78.44724811532848,False,106
Сорочка,nike,Блакитний,XL,69.74025362238675,False,2
Футболка,adidas,Чорний,L,59.15173209772621,True,10
Сорочка,gucci,Чорний,M,325.2566309899954,True,38
Куртка,zara,Сірий,XS,54.721672555846524,False,61
Пальто,zara,Фіолетовий,XL,36.22032148771464,False,62
Пальто,house,Жовтий,S,65.80675285991515,False,98
Спідниця,pull and bear,Чорний,L,80.11087016846298,False,85
Шорти,bershka,Сірий,XXL,84.28441009765979,True,72
Брюки,balenciaga,Синій,XS,658.61929460907,False,33
Сукня,zara,Червоний,S,18.19671110750354,True,57
Футболка,pull and bear,Чорний,S,36.68314839627028,True,82
Топ,balenciaga,Червоний,XXL,891.8507719111533,False,32
Сорочка,mango,Білий,L,49.893660325409805,True,74
Куртка,pull and bear,Рожевий,S,45.583933650708595,False,88
Куртка,adidas,Синій,M,135.66211172567347,True,16
Топ,bershka,Фіолетовий,M,49.857331348339905,False,68
Куртка,house,Фіолетовий,XL,71.99141555996388,False,97
Пальто,zara,Чорний,XL,52.39794039413717,True,62
Шорти,mohito,Чорний,XS,17.383893658580224,False,108
Куртка,puma,Блакитний,XS,84.94056298202655,True,25
Футболка,mohito,Синій,M,86.35482423849224,True,100
Футболка,prada,Коричневий,M,1396.6854630139535,True,46
Сорочка,mango,Сірий,XXL,33.58271063453256,False,74
Брюки,bershka,Блакитний,XL,76.25754228036092,True,69
Куртка,mango,Фіолетовий,XXL,97.05218959407047,False,79
Спідниця,prada,Фіолетовий,XL,320.30440588727623,True,49
Пальто,gucci,Червоний,M,1250.2824091169848,True,44
Куртка,pull and bear,Жовтий,L,87.73813741523156,True,88
Брюки,house,Коричневий,XXL,30.696556273897567,True,96
Сорочка,nike,Білий,XXL,100.77518115945796,False,2
Спідниця,pull and bear,Фіолетовий,M,21.52470865039423,True,85
Топ,prada,Синій,M,1004.2009762191626,False,50
Спідниця,zara,Білий,XXL,41.092667439998394,False,58
Спідниця,zara,Блакитний,XS,68.85970803939031,False,58
Брюки,mango,Червоний,S,29.284124060365485,False,78
Пальто,puma,Білий,S,57.67605465604122,True,26
Топ,mango,Жовтий,S,18.539641188093935,False,77
Спідниця,mango,Синій,L,11.246747249362327,False,76
Топ,house,Жовтий,L,71.51624727014985,True,95
Топ,gucci,Червоний,L,1167.6108673824488,True,41
Куртка,mango,Зелений,XS,84.74666694537457,True,79
Топ,zara,Рожевий,XL,60.827621103613104,True,59
Брюки,puma,Сірий,XS,56.505386179386605,False,24
Сукня,mohito,Блакитний,XXL,87.42522322674127,True,102
Брюки,adidas,Коричневий,XXL,159.2737284032893,False,15
Шорти,bershka,Коричневий,XL,53.5109186015145,False,72
Брюки,adidas,Блакитний,L,190.67175268285987,False,15
Сукня,house,Рожевий,XS,32.825727647976336,True,93
Футболка,bershka,Червоний,XS,71.17128640709294,True,64
Куртка,mango,Рожевий,XL,61.80463036286046,False,79
Топ,gucci,Фіолетовий,XL,755.3531838011035,False,41
Спідниця,pull and bear,Коричневий,XL,38.29464969538292,False,85
Спідниця,nike,Фіолетовий,XL,148.86592504181482,False,4
Сорочка,bershka,Рожевий,XXL,81.32289151701654,False,65
Шорти,balenciaga,Коричневий,XL,1073.9149663556718,True,36
Сукня,mango,Синій,M,91.10613264540099,False,75
Шорти,nike,Сірий,S,62.95137357409904,False,9
Топ,zara,Коричневий,XL,55.47030090737815,True,59
Спідниця,gucci,Сірий,M,402.677559504584,True,40
Сорочка,house,Жовтий,L,73.60850605447366,False,92
Топ,prada,Жовтий,XXL,1414.8286915118517,False,50
Сорочка,mango,Рожевий,XXL,84.61680595859458,True,74
Спідниця,balenciaga,Фіолетовий,L,1108.7558769167558,False,31
Брюки,mango,Зелений,L,76.54625299052458,True,78
Брюки,zara,Рожевий,L,93.45446851328724,True,60
Пальто,zara,Рожевий,M,49.97905201732592,True,62
Куртка,mohito,Рожевий,XL,41.38401287102475,False,106
Пальто,house,Синій,XS,75.75735717040585,False,98
Футболка,bershka,Блакитний,XXL,58.24735912844888,True,64
Топ,mohito,Коричневий,XXL,79.87916146733964,False,104
Сорочка,pull and bear,Чорний,M,43.06697373848334,False,83
Куртка,mohito,Коричневий,XL,84.24648249153027,True,106
Сорочка,gucci,Фіолетовий,L,566.490433377062,False,38
Пальто,puma,Зелений,XS,75.89327475901837,True,26
Спідниця,mango,Білий,M,19.93726986132065,False,76
Сукня,adidas,Жовтий,XL,115.99451301615866,True,12
Топ,zara,Синій,S,63.25359664405678,True,59
Сорочка,mohito,Рожевий,M,98.53140125876014,True,101
Куртка,puma,Блакитний,M,71.91079695123636,False,25
Футболка,mango,Синій,XS,58.37545917602435,False,73
Шорти,balenciaga,Зелений,XXL,1441.6973756889154,True,36
Шорти,nike,Жовтий,XS,108.85239920104596,True,9
Куртка,gucci,Жовтий,L,871.8477144930011,True,43
Куртка,bershka,Сірий,XL,13.317802943581881,True,70
Спідниця,prada,Синій,L,679.9674115532116,True,49
Шорти,prada,Чорний,S,530.4255770575294,True,54
Футболка,nike,Блакитний,XS,134.57059610841947,False,1
Шорти,mohito,Коричневий,XS,34.030469232051935,False,108
Пальто,bershka,Сірий,XL,58.698938621356234,False,71
Куртка,pull and bear,Червоний,M,97.91902354462309,True,88
Сукня,prada,Рожевий,M,1237.528067886484,True,48
Пальто,bershka,Сірий,XL,20.537169554374795,True,71
Топ,pull and bear,Рожевий,XL,27.255318772300466,True,86
Шорти,balenciaga,Білий,XS,1238.8356193109448,False,36
Футболка,zara,Фіолетовий,XL,15.340055915375311,True,55
Футболка,prada,Жовтий,XXL,835.0792509147572,True,46
Шорти,nike,Блакитний,S,196.83798041369093,False,9
Брюки,puma,Рожевий,S,158.48626156426457,False,24
Брюки,pull and bear,Сірий,XXL,39.619511201266334,False,87
Брюки,zara,Сірий,M,11.803253610280997,False,60
Сорочка,mango,Білий,XS,72.02600352105767,True,74
Пальто,adidas,Коричневий,M,103.62436764943459,True,17
Брюки,balenciaga,Жовтий,S,1404.6002548492804,True,33
Сорочка,gucci,Чорний,XS,630.1047539866677,False,38
Сорочка,adidas,Червоний,S,53.17588344270514,True,11
Шорти,mango,Синій,XXL,97.95002688987543,True,81
Футболка,puma,Зелений,XL,176.4310117276815,True,19
Сорочка,adidas,Синій,S,155.69934167907698,True,11
Брюки,puma,Жовтий,S,65.85185668124149,False,24
Брюки,prada,Коричневий,S,783.2965512448391,True,51
Пальто,house,Жовтий,S,43.897918960081284,False,98
Спідниця,adidas,Синій,XL,121.0506569953378,False,13
Футболка,pull and bear,Жовтий,M,71.43361549210535,True,82
Спідниця,puma,Білий,XXL,104.69265387379083,True,22
Футболка,mohito,Сірий,XS,82.38881008193103,False,100
Куртка,prada,Жовтий,XS,1361.6013648568528,True,52
Топ,puma,Блакитний,L,75.68191844612826,False,23
Топ,house,Жовтий,XS,91.35474993284848,False,95
Футболка,mango,Зелений,XXL,90.12872788577334,False,73
Пальто,nike,Фіолетовий,XXL,164.55125816561923,False,8
Топ,mohito,Коричневий,XXL,48.31640629921986,True,104
Сорочка,pull and bear,Фіолетовий,XL,10.340855340775766,False,83
Шорти,mohito,Рожевий,XS,61.59413027416925,True,108
Пальто,mohito,Блакитний,M,34.73515181503343,False,107
Топ,house,Чорний,M,78.82736713098691,True,95
Шорти,pull and bear,Коричневий,S,15.800822752225287,False,90
Спідниця,prada,Зелений,XS,428.50407032883487,False,49
Сукня,mango,Рожевий,XS,15.359258079289326,True,75
Шорти,prada,Коричневий,S,453.78840816810936,False,54
Пальто,house,Рожевий,XS,79.12537710252381,False,98
Спідниця,balenciaga,Коричневий,XS,462.492911234665,True,31
Футболка,nike,Червоний,S,79.05339202541391,True,1
Куртка,zara,Зелений,XXL,34.42180767205822,True,61
Шорти,prada,Чорний,L,1466.5486685784213,True,54
Пальто,mango,Рожевий,XS,50.93897096147952,False,80
Сорочка,house,Рожевий,XXL,49.10575372998685,False,92
Топ,zara,Зелений,S,58.702681001702445,True,59
Футболка,puma,Зелений,S,99.45121837789563,False,19
Куртка,nike,Червоний,XS,143.0296858714632,False,7
Пальто,nike,Зелений,XXL,134.00348655205903,False,8
Шорти,gucci,Коричневий,S,1149.1351767208298,True,45
Футболка,puma,Сірий,S,156.33230579141213,True,19
Брюки,pull and bear,Фіолетовий,M,67.66492810673537,True,87
Топ,puma,Фіолетовий,XL,73.00396063265137,False,23
Пальто,balenciaga,Рожевий,XS,316.27295609070944,True,35
Пальто,pull and bear,Фіолетовий,L,37.21898018361526,True,89
Шорти,prada,Чорний,M,627.1565543495472,False,54
Топ,adidas,Рожевий,M,117.68551297193304,False,14
Брюки,gucci,Білий,S,1282.8570378394327,False,42
Футболка,house,Рожевий,XL,74.80909666197621,False,91
Шорти,balenciaga,Коричневий,XL,402.9715248039008,False,36
Брюки,mohito,Коричневий,S,35.168136159412036,True,105
Сукня,nike,Сірий,L,56.74031822546414,False,3
Брюки,balenciaga,Чорний,XXL,1086.2567619350416,True,33
Куртка,zara,Жовтий,XXL,17.847319393074166,True,61
Спідниця,house,Зелений,XS,13.924253232354523,False,94
Сорочка,prada,Чорний,M,518.0188331215846,True,47
Сорочка,gucci,Білий,S,386.74196660071044,False,38
Пальто,mohito,Чорний,M,95.08788303712586,True,107
Спідниця,bershka,Червоний,M,96.73045482141335,False,67
Футболка,adidas,Блакитний,XS,82.9895734816865,True,10
Шорти,gucci,Чорний,XXL,1479.8141707901214,False,45
Сукня,zara,Фіолетовий,XS,18.178018402707856,True,57
Топ,prada,Білий,L,548.4136741826707,False,50
Брюки,mohito,Коричневий,XS,70.08281809658936,False,105
Пальто,mohito,Коричневий,M,34.945500827265,True,107
Сукня,prada,Рожевий,L,822.8185054564012,True,48
Пальто,bershka,Коричневий,M,53.46143255964701,True,71
Топ,prada,Фіолетовий,L,1177.9346662679206,False,50
Пальто,zara,Жовтий,XL,71.2953598609142,True,62
Футболка,nike,Сірий,L,97.88091795659315,False,1
Шорти,nike,Жовтий,S,145.70897561875296,True,9
Футболка,puma,Синій,XL,130.99283801974684,False,19
Пальто,zara,Зелений,L,25.219230113237366,True,62
Шорти,nike,Білий,L,58.70078807086432,False,9
Шорти,mango,Білий,XL,24.535443791137727,True,81
Куртка,adidas,Рожевий,XS,180.76064859972303,False,16
Спідниця,bershka,Чорний,XXL,87.55821457417281,True,67
Сорочка,zara,Білий,M,16.849061002797118,True,56
Топ,nike,Білий,L,186.54092898408436,True,5
Брюки,puma,Синій,XL,189.76530941297852,True,24
Куртка,prada,Зелений,S,1140.0421993943175,True,52
Пальто,gucci,Синій,XXL,891.3661364479239,False,44
Куртка,nike,Коричневий,XS,87.42105671560668,False,7
Сукня,prada,Білий,L,372.8883734556567,False,48
Куртка,balenciaga,Білий,XXL,340.08348003929365,False,34
Шорти,bershka,Червоний,L,57.18466236666772,True,72
Спідниця,pull and bear,Червоний,L,72.43012845783413,False,85
Футболка,puma,Рожевий,XXL,84.55534810297425,False,19
Сорочка,pull and bear,Блакитний,XXL,83.20837881001577,True,83
Сукня,balenciaga,Фіолетовий,M,1381.853144360826,True,30
Футболка,pull and bear,Сірий,M,81.47253308256141,False,82
Сукня,mohito,Жовтий,L,95.37690829879797,False,102
Футболка,adidas,Фіолетовий,XL,131.97986678696094,True,10
Спідниця,bershka,Чорний,M,26.086811223310832,True,67
Спідниця,pull and bear,Коричневий,L,92.4670314198279,False,85
Брюки,mango,Чорний,XXL,12.075312409401153,False,78
Футболка,house,Червоний,L,88.34999022905508,False,91
Сорочка,pull and bear,Блакитний,S,59.99807400072898,False,83
Спідниця,balenciaga,Жовтий,S,1125.8344237755437,True,31
Брюки,adidas,Червоний,XXL,94.30164892557966,True,15
Куртка,mango,Сірий,L,22.523168281317176,False,79
Сукня,bershka,Чорний,XXL,32.250480705542046,True,66
Пальто,prada,Сірий,M,1422.675566970977,False,53
Сукня,mango,Жовтий,XXL,82.5322346045242,False,75
Пальто,mohito,Червоний,XL,67.01067496967536,False,107
Пальто,gucci,Сірий,L,1087.1784877600664,True,44
Топ,nike,Зелений,M,66.57906962643011,True,5
Пальто,balenciaga,Коричневий,XL,463.8961137402618,False,35
Спідниця,adidas,Блакитний,L,172.1402113636184,True,13
Спідниця,mohito,Сірий,XL,23.430092231823004,True,103
Шорти,zara,Синій,XS,92.6868557086962,True,63
Футболка,pull and bear,Білий,XL,13.305238983555194,True,82
Сорочка,balenciaga,Білий,S,513.197252539672,True,29
Сукня,prada,Коричневий,M,800.2435998323625,True,48
Сорочка,gucci,Червоний,L,553.0895966528241,True,38
Сорочка,pull and bear,Блакитний,M,13.345774251632479,True,83
Футболка,adidas,Жовтий,XS,176.92288364771775,True,10
Топ,mohito,Жовтий,L,84.13295311168032,True,104
Шорти,mohito,Фіолетовий,L,31.76854384141843,True,108
Сукня,balenciaga,Чорний,XXL,1488.5507379097658,True,30
Спідниця,gucci,Зелений,M,584.5771865274066,True,40
Пальто,prada,Зелений,L,459.53464899941514,False,53
Шорти,pull and bear,Жовтий,S,96.42685137264313,True,90
Топ,balenciaga,Сірий,XS,1441.426335246971,True,32
Шорти,balenciaga,Жовтий,XL,405.0656935507296,True,36
Сукня,mango,Рожевий,S,82.91495163526088,True,75
Сорочка,pull and bear,Білий,XS,25.503581360974266,True,83
Футболка,puma,Рожевий,M,160.88489229655642,False,19
Пальто,nike,Зелений,XS,192.45842698346183,True,8
Футболка,balenciaga,Жовтий,XXL,1341.1160127913383,False,28
Футболка,mango,Жовтий,L,53.83275981016017,True,73
Топ,pull and bear,Чорний,L,77.17682880268426,False,86
Сукня,nike,Білий,L,143.37156589094263,False,3
Футболка,adidas,Зелений,L,88.8274253642279,False,10
Куртка,gucci,Червоний,XS,962.8521554750365,True,43
Футболка,adidas,Жовтий,M,166.63009261068794,False,10
Шорти,adidas,Рожевий,XS,124.72009809610242,False,18
Шорти,mango,Червоний,L,43.045698709358426,True,81
Шорти,adidas,Рожевий,XS,160.30925546291166,True,18
Шорти,adidas,Чорний,S,119.12422370448719,False,18
Сукня,adidas,Білий,S,185.87849443245628,False,12
Топ,puma,Жовтий,XL,198.73385373096212,True,23
Куртка,nike,Блакитний,M,108.18647319529735,True,7
Топ,pull and bear,Білий,S,94.96287168817196,False,86
Топ,zara,Сірий,S,17.598649393793625,True,59
Спідниця,nike,Фіолетовий,XL,59.62062629947354,False,4
Пальто,prada,Червоний,M,423.60969672878537,False,53
Топ,house,Жовтий,L,75.92410949882054,False,95
Пальто,mango,Синій,XXL,10.275660563034645,False,80
Спідниця,mohito,Білий,L,34.19064438752475,True,103
Пальто,bershka,Рожевий,L,80.46585161808777,True,71
Шорти,house,Синій,S,39.099375933353954,True,99
Спідниця,bershka,Коричневий,S,33.99185820808697,False,67
Спідниця,prada,Білий,XL,889.5664695459959,False,49
Куртка,prada,Червоний,XXL,1460.6825340717141,True,52
Спідниця,pull and bear,Фіолетовий,XL,76.59738117431478,True,85
Футболка,nike,Синій,L,53.93861351488391,True,1
Пальто,mango,Блакитний,XXL,99.8075672583435,False,80
Спідниця,mohito,Білий,XL,10.866514275787523,True,103
Куртка,mohito,Білий,XS,91.01063087116384,False,106
Топ,gucci,Жовтий,L,1477.0814757247417,True,41
Топ,puma,Червоний,M,158.34131734419526,False,23
Футболка,bershka,Коричневий,XS,42.296289942026924,False,64
Куртка,balenciaga,Сірий,XXL,498.98482062446715,False,34
Куртка,bershka,Фіолетовий,M,56.878371683716836,True,70
Шорти,mohito,Червоний,XL,57.64698761317323,False,108
Топ,house,Синій,L,47.69575477580471,True,95
Пальто,pull and bear,Блакитний,XS,60.346682751001545,True,89
Сорочка,puma,Червоний,S,125.66342800116539,True,20
Куртка,gucci,Сірий,XXL,821.9191713327964,False,43
Спідниця,mohito,Жовтий,L,43.8970189577157,False,103
Брюки,gucci,Червоний,L,808.5577603496754,True,42
Шорти,prada,Синій,XXL,1051.1385481419534,False,54
Пальто,pull and bear,Червоний,M,51.68603339305103,False,89
Футболка,zara,Коричневий,XXL,44.00018697516169,False,55
Сорочка,gucci,Синій,M,1273.3662991604783,True,38
Шорти,pull and bear,Блакитний,XS,64.40539395430483,False,90
Футболка,pull and bear,Жовтий,XL,69.75310140666545,False,82
Шорти,mango,Чорний,L,82.45204004831129,True,81
Спідниця,gucci,Синій,M,488.53418205026924,False,40
Брюки,house,Білий,L,73.18473027997236,False,96
Шорти,balenciaga,Білий,L,385.54149554390904,True,36
Шорти,puma,Червоний,L,137.43979610400646,True,27
Пальто,house,Фіолетовий,XS,35.18838517887697,False,98
Сорочка,puma,Фіолетовий,XS,161.22136413967394,False,20
Сукня,house,Коричневий,XS,80.00507659735742,True,93
Топ,prada,Червоний,M,873.0884604142857,True,50
Топ,balenciaga,Чорний,L,538.2772200202993,False,32
Куртка,prada,Сірий,M,916.9300716165283,False,52
Пальто,nike,Червоний,XXL,103.95488105921733,True,8
Шорти,zara,Чорний,XXL,39.319977891263555,False,63
Сукня,nike,Білий,XL,100.71438750754646,False,3
Шорти,pull and bear,Червоний,S,13.073032177229239,False,90
Сорочка,bershka,Червоний,S,37.09142960033587,False,65
Куртка,nike,Синій,S,174.24093769742285,False,7
Пальто,mohito,Жовтий,XS,85.6252699200377,False,107
Топ,balenciaga,Жовтий,M,1149.3338031262247,True,32
Шорти,house,Сірий,M,84.67070207706305,True,99
Футболка,house,Рожевий,XL,48.14824892364781,False,91
Футболка,mohito,Рожевий,S,66.51791754569129,False,100
Топ,pull and bear,Сірий,XS,32.05646070395089,False,86
Шорти,zara,Фіолетовий,M,82.06823805249958,True,63
Шорти,puma,Рожевий,XXL,151.4463353751188,True,27
Куртка,bershka,Червоний,XS,90.01644506719299,True,70
Сорочка,prada,Блакитний,XL,1407.7477840499405,False,47
Шорти,balenciaga,Фіолетовий,XL,650.1855678003064,True,36
Пальто,balenciaga,Фіолетовий,XXL,387.79462310350164,False,35
Куртка,mango,Червоний,S,74.18901398596384,True,79
Топ,adidas,Коричневий,M,115.38916622290535,False,14
Топ,prada,Коричневий,L,495.7765757528965,False,50
Шорти,pull and bear,Коричневий,L,57.79663496729929,False,90
Пальто,prada,Чорний,L,1110.1594062897175,False,53
Топ,gucci,Чорний,S,402.95611369331834,False,41
Брюки,mohito,Рожевий,XS,87.46948540319231,False,105
Брюки,adidas,Жовтий,M,185.86476403985574,True,15
Сукня,zara,Білий,XXL,68.14309729855404,True,57
Шорти,zara,Коричневий,XL,80.58520008302916,False,63
Спідниця,puma,Блакитний,L,134.50012950097488,False,22
Брюки,gucci,Білий,XXL,337.0614206621044,True,42
Сорочка,zara,Білий,L,81.52546386777982,True,56
Брюки,nike,Жовтий,L,125.60910166078764,True,6
Футболка,balenciaga,Чорний,XL,747.8791535610973,False,28
Шорти,house,Червоний,XL,96.00584430461112,False,99
Брюки,puma,Фіолетовий,M,160.88476395863142,True,24
Брюки,gucci,Білий,M,716.0522119963946,True,42
Брюки,mango,Чорний,L,73.19105824802412,False,78
Футболка,mohito,Коричневий,S,88.74510816342236,True,100
Топ,prada,Білий,XS,611.414391099765,False,50
Топ,balenciaga,Фіолетовий,XL,1330.9834874130495,True,32
Сукня,zara,Чорний,M,32.6208721377261,True,57
Сукня,nike,Коричневий,S,58.97047903982873,False,3
Шорти,mango,Чорний,XL,31.948926868774194,True,81
Топ,house,Зелений,XXL,92.96299640624784,True,95
Шорти,mango,Білий,XL,96.9913024796569,True,81
Топ,mohito,Рожевий,XXL,24.962472394238823,False,104
Пальто,puma,Синій,S,174.5578919845363,False,26
Спідниця,house,Жовтий,L,88.90326331763158,False,94
Футболка,zara,Білий,XL,94.25819819406354,False,55
Пальто,balenciaga,Синій,XXL,714.3741973230649,False,35
Шорти,balenciaga,Жовтий,XXL,1256.629794408237,True,36
Сорочка,adidas,Чорний,L,78.77092720992239,False,11
Брюки,gucci,Чорний,L,575.966078195893,True,42
Брюки,adidas,Синій,L,108.53139592884723,False,15
Шорти,mango,Білий,XXL,81.12965781703484,True,81
Топ,pull and bear,Синій,S,65.06686098485915,False,86
Сукня,mango,Блакитний,M,76.34569320531477,False,75
Топ,nike,Блакитний,XS,102.18107811006743,False,5
Топ,prada,Блакитний,L,1385.9869467093552,False,50
Брюки,mango,Рожевий,XS,75.1041746102794,False,78
Пальто,mango,Синій,S,69.48862295988033,True,80
Сорочка,prada,Рожевий,S,1339.3289065360336,False,47
Спідниця,mango,Рожевий,XS,17.944360957665893,True,76
Пальто,nike,Блакитний,XL,71.95726617134066,True,8
Куртка,bershka,Фіолетовий,XL,46.925642804223614,False,70
Спідниця,pull and bear,Червоний,XS,77.4639221147721,True,85
Топ,nike,Фіолетовий,M,104.62261881264291,False,5
Сукня,house,Жовтий,M,54.918068500444356,False,93
Пальто,gucci,Білий,S,775.6865227158457,True,44
Топ,gucci,Зелений,M,1370.723339958136,True,41
Сукня,mango,Блакитний,M,21.317803335856027,True,75
Пальто,puma,Чорний,XL,135.62628521766072,False,26
Спідниця,house,Блакитний,L,65.85180170419007,False,94
Спідниця,puma,Синій,M,166.66199469537588,False,22
Куртка,adidas,Фіолетовий,L,50.82538896732339,True,16
Куртка,mohito,Чорний,XS,88.80791592982871,False,106
Сукня,mohito,Фіолетовий,S,34.869742387238794,False,102
Топ,bershka,Жовтий,S,49.03558969221067,True,68
Футболка,gucci,Білий,XL,1439.7112938600992,False,37
Топ,zara,Жовтий,L,77.65407366687715,False,59
Пальто,mango,Жовтий,S,54.271005453457406,True,80
Сукня,bershka,Фіолетовий,S,10.443816739974107,True,66
Куртка,prada,Сірий,S,1212.4281072617355,False,52
Сорочка,mango,Зелений,M,14.450514199496048,False,74
Сорочка,balenciaga,Білий,XS,1184.1474123743096,True,29
Сукня,nike,Рожевий,XXL,199.21943500925164,True,3
Куртка,mohito,Червоний,L,25.85796046713245,False,106
Брюки,balenciaga,Рожевий,S,882.2783469573794,False,33
Сукня,zara,Синій,XL,79.01738500582628,False,57
Сорочка,house,Рожевий,XL,88.78559241764849,True,92
Сукня,adidas,Фіолетовий,XXL,122.69948739608498,False,12
Пальто,zara,Фіолетовий,S,20.23674932303804,False,62
Пальто,nike,Чорний,L,130.6957980316962,True,8
Куртка,nike,Зелений,XXL,92.5146216835333,False,7
Топ,adidas,Коричневий,S,78.40448479950129,False,14
Куртка,puma,Жовтий,XL,118.29274790915281,False,25
Пальто,balenciaga,Жовтий,XS,899.6650919056998,True,35
Брюки,adidas,Червоний,XXL,186.8184915162142,True,15
Сукня,adidas,Фіолетовий,XS,134.13631194461038,True,12
Сукня,house,Коричневий,XXL,27.077870377612328,False,93
Сукня,adidas,Білий,L,77.71883839589711,True,12
Шорти,pull and bear,Блакитний,XXL,91.5237399348028,False,90
Куртка,nike,Фіолетовий,XL,53.6155530082456,False,7
Брюки,bershka,Чорний,S,31.828815958693905,False,69
Пальто,pull and bear,Коричневий,XL,20.159332136031814,False,89
Сукня,mango,Зелений,XL,55.497573384516606,True,75
Топ,balenciaga,Зелений,XL,1239.6907951055732,False,32
Куртка,bershka,Фіолетовий,XS,50.9700687988217,True,70
Футболка,pull and bear,Сірий,S,99.82662374582809,False,82
Топ,mohito,Жовтий,XS,84.39441812401682,False,104
Сорочка,pull and bear,Чорний,L,41.84445921984629,True,83
Шорти,mohito,Білий,XXL,51.99118534301692,False,108
Сорочка,pull and bear,Білий,L,51.11289460888576,True,83
Спідниця,gucci,Синій,L,1371.0700244912443,False,40
Сукня,mohito,Коричневий,L,73.52391768768815,True,102
Топ,balenciaga,Чорний,L,351.3521785216901,True,32
Сорочка,gucci,Зелений,XL,905.9405497443273,True,38
Пальто,bershka,Зелений,S,26.67871467031305,False,71
Шорти,house,Жовтий,XS,67.48475534562661,False,99
Сукня,nike,Сірий,XS,158.26795535666076,True,3
Спідниця,nike,Блакитний,M,105.87534582000262,True,4
Топ,bershka,Фіолетовий,L,39.67631446500225,False,68
Пальто,pull and bear,Фіолетовий,XXL,74.64227361809414,True,89
Куртка,puma,Жовтий,M,66.25058100519738,False,25
Шорти,zara,Жовтий,M,65.21785257206487,True,63
Брюки,nike,Коричневий,XS,99.39982573476263,False,6
Спідниця,prada,Синій,XS,1233.5289813034747,True,49
Пальто,nike,Сірий,XS,145.93652429108772,True,8
Шорти,gucci,Червоний,XL,1010.9587564406863,True,45
Шорти,balenciaga,Чорний,XS,604.848758268449,False,36
Сорочка,zara,Рожевий,S,47.29791458212424,False,56
Сукня,mohito,Червоний,S,36.49719299705937,True,102
Куртка,pull and bear,Блакитний,S,23.45126614353355,True,88
Куртка,balenciaga,Коричневий,XS,1095.1679040936751,True,34
Куртка,pull and bear,Рожевий,M,47.12038623061641,False,88
Сукня,gucci,Рожевий,M,1356.5892781292196,True,39
Куртка,mango,Зелений,XS,62.064350567745926,True,79
Пальто,house,Жовтий,S,94.95429227526739,False,98
Сорочка,nike,Блакитний,M,103.78111617024871,False,2
Спідниця,nike,Червоний,S,187.82309569507342,True,4
Сукня,zara,Синій,L,30.605742708238807,False,57
Куртка,prada,Червоний,XXL,826.0135968878744,True,52
Топ,pull and bear,Блакитний,M,24.934302737905426,True,86
Сорочка,adidas,Блакитний,M,106.68127888493976,False,11
Спідниця,mango,Зелений,M,69.45577187563978,True,76
Сорочка,house,Жовтий,XS,22.83905725974863,True,92
Пальто,balenciaga,Жовтий,XL,841.1187104642174,True,35
Сорочка,mango,Синій,XXL,34.25908200259019,False,74
Пальто,pull and bear,Червоний,L,76.9346619974321,True,89
Шорти,house,Червоний,XXL,49.884364339823705,False,99
Брюки,bershka,Сірий,XS,57.6873066717018,True,69
Шорти,house,Сірий,XXL,52.24560989096205,True,99
Брюки,balenciaga,Рожевий,XS,676.8637043643179,False,33
